{"cameraMode":{"drawMode":0,"name":"Shaded","section":"Shading Mode"},"sceneLighting":true,"audioPlay":false,"sceneViewState":{"showFog":true,"showMaterialUpdate":true,"showSkybox":true,"showFlares":true,"showImageEffects":true,"showParticleSystems":true},"in2DMode":false,"pivot":{"x":-67.28836059570313,"y":-31.615951538085939,"z":-66.58036804199219},"rotation":{"x":-0.08259966969490051,"y":0.9036672115325928,"z":-0.20284606516361237,"w":-0.3679744303226471},"size":48.516475677490237,"orthographic":false}