{"cameraMode":{"drawMode":0,"name":"Shaded","section":"Shading Mode"},"sceneLighting":false,"audioPlay":false,"sceneViewState":{"showFog":false,"showMaterialUpdate":false,"showSkybox":false,"showFlares":false,"showImageEffects":false,"showParticleSystems":false},"in2DMode":false,"pivot":{"x":-60.90355682373047,"y":8.035895347595215,"z":-29.02773666381836},"rotation":{"x":0.026180218905210496,"y":0.7095842957496643,"z":0.026402587071061136,"w":-0.7036473751068115},"size":9.185372352600098,"orthographic":false}