{"cameraMode":{"drawMode":0,"name":"Shaded","section":"Shading Mode"},"sceneLighting":true,"audioPlay":false,"sceneViewState":{"showFog":false,"showMaterialUpdate":true,"showSkybox":true,"showFlares":true,"showImageEffects":true,"showParticleSystems":true},"in2DMode":false,"pivot":{"x":-73.47789001464844,"y":-12.399642944335938,"z":-69.77461242675781},"rotation":{"x":-0.07964743673801422,"y":0.8814359307289124,"z":-0.1606767475605011,"w":-0.43692442774772646},"size":23.930023193359376,"orthographic":false}