{"cameraMode":{"drawMode":2,"name":"Shaded Wireframe","section":"Shading Mode"},"sceneLighting":true,"audioPlay":false,"sceneViewState":{"showFog":true,"showMaterialUpdate":true,"showSkybox":true,"showFlares":true,"showImageEffects":true,"showParticleSystems":true},"in2DMode":false,"pivot":{"x":-43.38812255859375,"y":5.191852569580078,"z":-49.23997497558594},"rotation":{"x":0.3180658519268036,"y":-0.5332592129707336,"z":0.22599275410175324,"w":0.7506369352340698},"size":3.4824142456054689,"orthographic":false}