{"cameraMode":{"drawMode":0,"name":"Shaded","section":"Shading Mode"},"sceneLighting":false,"audioPlay":false,"sceneViewState":{"showFog":false,"showMaterialUpdate":true,"showSkybox":false,"showFlares":true,"showImageEffects":true,"showParticleSystems":true},"in2DMode":false,"pivot":{"x":-23.30630874633789,"y":9.356070518493653,"z":-64.76390838623047},"rotation":{"x":0.0002401810052106157,"y":0.9996195435523987,"z":-0.025806132704019548,"w":0.0092977499589324},"size":7.096789360046387,"orthographic":false}