{"cameraMode":{"drawMode":0,"name":"Shaded","section":"Shading Mode"},"sceneLighting":false,"audioPlay":false,"sceneViewState":{"showFog":false,"showMaterialUpdate":true,"showSkybox":false,"showFlares":true,"showImageEffects":true,"showParticleSystems":true},"in2DMode":false,"pivot":{"x":-47.32258605957031,"y":9.54088306427002,"z":-52.216590881347659},"rotation":{"x":0.022884994745254518,"y":0.949157178401947,"z":0.07102431356906891,"w":-0.30582040548324587},"size":5.379068374633789,"orthographic":false}