{"cameraMode":{"drawMode":0,"name":"Shaded","section":"Shading Mode"},"sceneLighting":true,"audioPlay":false,"sceneViewState":{"showFog":true,"showMaterialUpdate":true,"showSkybox":true,"showFlares":true,"showImageEffects":true,"showParticleSystems":true},"in2DMode":false,"pivot":{"x":-26.9476375579834,"y":0.724610447883606,"z":-36.33045959472656},"rotation":{"x":-0.007290331181138754,"y":0.9771885871887207,"z":-0.03403092548251152,"w":-0.20950648188591004},"size":9.553585052490235,"orthographic":false}