{"cameraMode":{"drawMode":0,"name":"Shaded","section":"Shading Mode"},"sceneLighting":true,"audioPlay":false,"sceneViewState":{"showFog":true,"showMaterialUpdate":true,"showSkybox":true,"showFlares":true,"showImageEffects":true,"showParticleSystems":true},"in2DMode":false,"pivot":{"x":-67.28836059570313,"y":-31.615951538085939,"z":-66.58036804199219},"rotation":{"x":-0.12420256435871124,"y":0.8700327277183533,"z":-0.27947214245796206,"w":-0.38665440678596499},"size":58.02261734008789,"orthographic":false}