{"cameraMode":{"drawMode":0,"name":"Shaded","section":"Shading Mode"},"sceneLighting":false,"audioPlay":false,"sceneViewState":{"showFog":false,"showMaterialUpdate":true,"showSkybox":false,"showFlares":true,"showImageEffects":true,"showParticleSystems":true},"in2DMode":false,"pivot":{"x":-2.3831024169921877,"y":7.769326686859131,"z":-50.65485382080078},"rotation":{"x":0.023255405947566034,"y":0.9168000817298889,"z":-0.05397981405258179,"w":0.39498788118362429},"size":6.580405235290527,"orthographic":false}