{"cameraMode":{"drawMode":2,"name":"Shaded Wireframe","section":"Shading Mode"},"sceneLighting":true,"audioPlay":false,"sceneViewState":{"showFog":true,"showMaterialUpdate":true,"showSkybox":true,"showFlares":true,"showImageEffects":true,"showParticleSystems":true},"in2DMode":false,"pivot":{"x":4.36288595199585,"y":2.6908717155456545,"z":-48.672996520996097},"rotation":{"x":-0.00916224904358387,"y":-0.9031198024749756,"z":0.01924002915620804,"w":-0.42892104387283327},"size":43.304134368896487,"orthographic":false}