{"cameraMode":{"drawMode":0,"name":"Shaded","section":"Shading Mode"},"sceneLighting":false,"audioPlay":false,"sceneViewState":{"showFog":false,"showMaterialUpdate":false,"showSkybox":false,"showFlares":false,"showImageEffects":false,"showParticleSystems":false},"in2DMode":false,"pivot":{"x":-4993.8095703125,"y":8235.849609375,"z":-3811.713134765625},"rotation":{"x":0.030061809346079828,"y":0.9248278737068176,"z":0.07478705048561096,"w":-0.37174850702285769},"size":302.0256042480469,"orthographic":false}