{"cameraMode":{"drawMode":1,"name":"Wireframe","section":"Shading Mode"},"sceneLighting":false,"audioPlay":false,"sceneViewState":{"showFog":false,"showMaterialUpdate":true,"showSkybox":false,"showFlares":true,"showImageEffects":true,"showParticleSystems":true},"in2DMode":false,"pivot":{"x":-2.3831024169921877,"y":7.769327163696289,"z":-50.65485382080078},"rotation":{"x":0.05065787211060524,"y":0.6431811451911926,"z":-0.042712874710559848,"w":0.762843906879425},"size":5.080404281616211,"orthographic":false}