{"cameraMode":{"drawMode":2,"name":"Shaded Wireframe","section":"Shading Mode"},"sceneLighting":true,"audioPlay":false,"sceneViewState":{"showFog":true,"showMaterialUpdate":true,"showSkybox":true,"showFlares":true,"showImageEffects":true,"showParticleSystems":true},"in2DMode":false,"pivot":{"x":4.363296031951904,"y":2.8157811164855959,"z":-48.76730728149414},"rotation":{"x":0.07949622720479965,"y":-0.07587382197380066,"z":0.006091756746172905,"w":0.993952751159668},"size":1366.6287841796875,"orthographic":false}