{"cameraMode":{"drawMode":0,"name":"Shaded","section":"Shading Mode"},"sceneLighting":false,"audioPlay":false,"sceneViewState":{"showFog":false,"showMaterialUpdate":false,"showSkybox":false,"showFlares":false,"showImageEffects":false,"showParticleSystems":false},"in2DMode":false,"pivot":{"x":-97.56999969482422,"y":-3.799999952316284,"z":30.899999618530275},"rotation":{"x":-0.11288079619407654,"y":0.8636888265609741,"z":-0.22266222536563874,"w":-0.43785491585731509},"size":2.86330246925354,"orthographic":false}