{"cameraMode":{"drawMode":0,"name":"Shaded","section":"Shading Mode"},"sceneLighting":false,"audioPlay":false,"sceneViewState":{"showFog":false,"showMaterialUpdate":true,"showSkybox":false,"showFlares":true,"showImageEffects":true,"showParticleSystems":true},"in2DMode":false,"pivot":{"x":960.70947265625,"y":548.9585571289063,"z":-2.3964381217956545},"rotation":{"x":-0.030304085463285447,"y":-0.009897394105792046,"z":0.00030047851032577455,"w":-0.9994885325431824},"size":793.056396484375,"orthographic":false}