{"cameraMode":{"drawMode":2,"name":"Shaded Wireframe","section":"Shading Mode"},"sceneLighting":true,"audioPlay":false,"sceneViewState":{"showFog":true,"showMaterialUpdate":true,"showSkybox":true,"showFlares":true,"showImageEffects":true,"showParticleSystems":true},"in2DMode":false,"pivot":{"x":-43.38812255859375,"y":5.191852569580078,"z":-49.23997497558594},"rotation":{"x":0.021123303100466729,"y":-0.8912487626075745,"z":0.0417574867606163,"w":0.45116347074508669},"size":17.003704071044923,"orthographic":false}