{"cameraMode":{"drawMode":0,"name":"Shaded","section":"Shading Mode"},"sceneLighting":true,"audioPlay":false,"sceneViewState":{"showFog":false,"showMaterialUpdate":false,"showSkybox":false,"showFlares":false,"showImageEffects":false,"showParticleSystems":false},"in2DMode":false,"pivot":{"x":-72.34164428710938,"y":-20.8514404296875,"z":-64.1210708618164},"rotation":{"x":-0.11288079619407654,"y":0.8636888265609741,"z":-0.22266222536563874,"w":-0.43785491585731509},"size":37.067726135253909,"orthographic":false}