{"cameraMode":{"drawMode":0,"name":"Shaded","section":"Shading Mode"},"sceneLighting":true,"audioPlay":false,"sceneViewState":{"showFog":false,"showMaterialUpdate":true,"showSkybox":true,"showFlares":true,"showImageEffects":true,"showParticleSystems":true},"in2DMode":false,"pivot":{"x":-72.6392822265625,"y":-20.013957977294923,"z":-63.94447708129883},"rotation":{"x":-0.12568798661231996,"y":0.8512029647827148,"z":-0.2372366338968277,"w":-0.4509628713130951},"size":53.191158294677737,"orthographic":false}