{"cameraMode":{"drawMode":0,"name":"Shaded","section":"Shading Mode"},"sceneLighting":false,"audioPlay":false,"sceneViewState":{"showFog":false,"showMaterialUpdate":false,"showSkybox":false,"showFlares":false,"showImageEffects":false,"showParticleSystems":false},"in2DMode":false,"pivot":{"x":-59.90849304199219,"y":10.392269134521485,"z":-34.36466979980469},"rotation":{"x":0.00364658678881824,"y":0.7676003575325012,"z":0.004368343390524387,"w":-0.6409148573875427},"size":7.685371398925781,"orthographic":false}